date,scanner,ticker,score,price,currency,scoring_version,age_days,current_price,stock_return,benchmark_return,alpha
2026-09-12,market_scanner,EOG,0.726393,147.36,USD,unknown,16,140.35000610351562,-0.0475705340423751,0.01619822835461804,-0.06376876239699314
2026-09-12,market_scanner,HIG,0.712887,136.36,USD,unknown,16,124.2300033569336,-0.0889556808673102,0.01619822835461804,-0.10515390922192824
2026-09-12,market_scanner,CF,0.709962,133.07,USD,unknown,16,114.66999816894531,-0.13827310311155538,0.01619822835461804,-0.15447133146617342
2026-09-12,market_scanner,MU,0.709386,975.26,USD,unknown,16,1082.280029296875,0.10973486998018478,0.01619822835461804,0.09353664162556674
2026-09-12,market_scanner,CINF,0.706429,169.8,USD,unknown,16,162.5399932861328,-0.042756223285436934,0.01619822835461804,-0.05895445164005497
2026-09-12,market_scanner,TTE.PA,0.697664,78.77,EUR,unknown,16,79.98999786376953,0.015488102878882026,0.006779131969733454,0.008708970909148572
2026-09-12,market_scanner,BRK-B,0.696346,510.37,USD,unknown,16,505.4800109863281,-0.009581262640186328,0.01619822835461804,-0.025779490994804366
2026-09-12,market_scanner,HAS,0.66544,91.54,USD,unknown,16,88.08999633789062,-0.0376884822166198,0.01619822835461804,-0.05388671057123784
2026-09-12,market_scanner,OXY,0.664931,61.46,USD,unknown,16,56.86000061035156,-0.074845417989724,0.01619822835461804,-0.09104364634434203
2026-09-12,market_scanner,EME,0.663959,780.66,USD,unknown,16,762.2100219726562,-0.0236338201359666,0.01619822835461804,-0.03983204849058464
2026-09-12,market_scanner,NEM,0.661943,126.81,USD,unknown,16,121.43000030517578,-0.04242567380194162,0.01619822835461804,-0.05862390215655966
2026-09-12,market_scanner,REGN,0.656251,781.49,USD,unknown,16,788.0399780273438,0.008381397109807898,0.01619822835461804,-0.00781683124481014
2026-09-12,market_scanner,GOOG,0.655629,335.45,USD,unknown,16,341.0799865722656,0.01678338522064582,0.01619822835461804,0.0005851568660277806
2026-09-12,market_scanner,REG,0.641989,74.62,USD,unknown,16,73.2300033569336,-0.018627668762616012,0.01619822835461804,-0.03482589711723405
2026-09-12,market_scanner,INCY,0.63729,121.47,USD,unknown,16,123.88999938964844,0.0199226096126488,0.01619822835461804,0.0037243812580307623
2026-09-12,short_term_scanner,KR,0.920998,58.49,USD,unknown,16,58.7400016784668,0.004274263608596174,0.01619822835461804,-0.011923964746021865
2026-09-12,short_term_scanner,SYY,0.888191,83.21,USD,unknown,16,78.45999908447266,-0.05708449604046795,0.01619822835461804,-0.07328272439508599
2026-09-12,short_term_scanner,HPE,0.883146,62.09,USD,unknown,16,62.939998626708984,0.013689783003848932,0.01619822835461804,-0.0025084453507691062
2026-09-12,short_term_scanner,ELV,0.879167,418.72,USD,unknown,16,396.0899963378906,-0.05404567171883212,0.01619822835461804,-0.07024390007345016
2026-09-12,short_term_scanner,OXY,0.867395,61.46,USD,unknown,16,56.86000061035156,-0.074845417989724,0.01619822835461804,-0.09104364634434203
2026-09-12,short_term_scanner,RWE.DE,0.863476,59.84,EUR,unknown,16,59.400001525878906,-0.007352915677157346,0.006779131969733454,-0.0141320476468908
2026-09-12,short_term_scanner,CDW,0.859587,153.79,USD,unknown,16,135.42999267578125,-0.11938362262968172,0.01619822835461804,-0.13558185098429976
2026-09-12,short_term_scanner,SWKS,0.851089,88.35,USD,unknown,16,89.33999633789062,0.011205391487160599,0.01619822835461804,-0.00499283686745744
2026-09-12,short_term_scanner,HPQ,0.849887,35.48,USD,unknown,16,31.299999237060547,-0.11781287381452787,0.01619822835461804,-0.1340111021691459
2026-09-12,short_term_scanner,NTRS,0.839317,189.19,USD,unknown,16,175.72999572753906,-0.071145431959728,0.01619822835461804,-0.08734366031434604
2026-09-12,short_term_scanner,HCA,0.833461,426.94,USD,unknown,16,435.6099853515625,0.02030726882363454,0.01619822835461804,0.0041090404690165006
2026-09-12,short_term_scanner,DVN,0.81265,50.23,USD,unknown,16,47.04999923706055,-0.06330879480269658,0.01619822835461804,-0.07950702315731462
2026-09-12,short_term_scanner,BBY,0.809047,90.8,USD,unknown,16,90.51000213623047,-0.003193809072351672,0.01619822835461804,-0.01939203742696971
2026-09-12,short_term_scanner,CVX,0.80747,214.06,USD,unknown,16,204.4499969482422,-0.044893969222450814,0.01619822835461804,-0.06109219757706885
2026-09-12,short_term_scanner,TTE.PA,0.801764,78.77,EUR,unknown,16,79.98999786376953,0.015488102878882026,0.006779131969733454,0.008708970909148572
2026-09-12,reversal_scanner,FSLR,0.765264,209.03,USD,unknown,16,177.7100067138672,-0.1498349198016209,0.01619822835461804,-0.16603314815623893
2026-09-12,reversal_scanner,TXT,0.7148,81.0,USD,unknown,16,76.58999633789062,-0.05444448965567128,0.01619822835461804,-0.07064271801028932
2026-09-12,reversal_scanner,UHS,0.708304,174.83,USD,unknown,16,178.86000061035156,0.023050967284513835,0.01619822835461804,0.006852738929895796
2026-09-12,reversal_scanner,STZ,0.694243,122.45,USD,unknown,16,113.62999725341797,-0.07202942218523511,0.01619822835461804,-0.08822765053985315
2026-09-12,reversal_scanner,PHM,0.685406,118.26,USD,unknown,16,119.8499984741211,0.013444938898368841,0.01619822835461804,-0.002753289456249197
2026-09-12,reversal_scanner,DECK,0.685087,81.27,USD,unknown,16,78.66999816894531,-0.031992147545892524,0.01619822835461804,-0.04819037590051056
2026-09-12,reversal_scanner,NXPI,0.683311,236.62,USD,unknown,16,238.0800018310547,0.006170238488101942,0.01619822835461804,-0.010027989866516096
2026-09-12,reversal_scanner,UAL,0.680417,109.82,USD,unknown,16,113.98999786376953,0.037971206189851836,0.01619822835461804,0.021772977835233798
2026-09-12,reversal_scanner,VICI,0.678439,24.83,USD,unknown,16,23.510000228881836,-0.053161488969720616,0.01619822835461804,-0.06935971732433865
2026-09-12,reversal_scanner,CTSH,0.67659,60.0,USD,unknown,16,57.33000183105469,-0.04449996948242185,0.01619822835461804,-0.06069819783703989
2026-09-12,reversal_scanner,GDDY,0.675538,98.07,USD,unknown,16,97.13999938964844,-0.009483028554619688,0.01619822835461804,-0.025681256909237726
2026-09-12,reversal_scanner,HCA,0.671279,426.94,USD,unknown,16,435.6099853515625,0.02030726882363454,0.01619822835461804,0.0041090404690165006
2026-09-12,reversal_scanner,PNR,0.668901,56.58,USD,unknown,16,53.65999984741211,-0.051608344867230316,0.01619822835461804,-0.06780657322184835
2026-09-12,reversal_scanner,WKL.AS,0.667408,66.24,EUR,unknown,16,68.66000366210938,0.03653387171058853,0.006779131969733454,0.029754739740855074
2026-09-12,reversal_scanner,CCL,0.649776,22.75,USD,unknown,16,22.25,-0.02197802197802201,0.01619822835461804,-0.03817625033264005
2026-09-14,market_scanner,EOG,0.729251,147.36,USD,9755e8ae,14,140.35000610351562,-0.0475705340423751,0.01619822835461804,-0.06376876239699314
2026-09-14,market_scanner,HIG,0.713507,136.36,USD,9755e8ae,14,124.2300033569336,-0.0889556808673102,0.01619822835461804,-0.10515390922192824
2026-09-14,market_scanner,CF,0.710117,133.07,USD,9755e8ae,14,114.66999816894531,-0.13827310311155538,0.01619822835461804,-0.15447133146617342
2026-09-14,market_scanner,MU,0.709358,975.26,USD,9755e8ae,14,1082.280029296875,0.10973486998018478,0.01619822835461804,0.09353664162556674
2026-09-14,market_scanner,CINF,0.705386,169.8,USD,9755e8ae,14,162.5399932861328,-0.042756223285436934,0.01619822835461804,-0.05895445164005497
2026-09-14,market_scanner,BRK-B,0.696986,510.37,USD,9755e8ae,14,505.4800109863281,-0.009581262640186328,0.01619822835461804,-0.025779490994804366
2026-09-14,market_scanner,TTE.PA,0.694801,79.34,EUR,9755e8ae,14,79.98999786376953,0.008192561933066944,0.006779131969733454,0.0014134299633334901
2026-09-14,market_scanner,HAS,0.666042,91.54,USD,9755e8ae,14,88.08999633789062,-0.0376884822166198,0.01619822835461804,-0.05388671057123784
2026-09-14,market_scanner,OXY,0.665092,61.46,USD,9755e8ae,14,56.86000061035156,-0.074845417989724,0.01619822835461804,-0.09104364634434203
2026-09-14,market_scanner,EME,0.664264,780.66,USD,9755e8ae,14,762.2100219726562,-0.0236338201359666,0.01619822835461804,-0.03983204849058464
2026-09-14,market_scanner,NEM,0.662275,126.81,USD,9755e8ae,14,121.43000030517578,-0.04242567380194162,0.01619822835461804,-0.05862390215655966
2026-09-14,market_scanner,GOOG,0.655598,335.45,USD,9755e8ae,14,341.0799865722656,0.01678338522064582,0.01619822835461804,0.0005851568660277806
2026-09-14,market_scanner,REGN,0.645008,781.49,USD,9755e8ae,14,788.0399780273438,0.008381397109807898,0.01619822835461804,-0.00781683124481014
2026-09-14,market_scanner,REG,0.641607,74.62,USD,9755e8ae,14,73.2300033569336,-0.018627668762616012,0.01619822835461804,-0.03482589711723405
2026-09-14,market_scanner,INCY,0.637337,121.47,USD,9755e8ae,14,123.88999938964844,0.0199226096126488,0.01619822835461804,0.0037243812580307623
2026-09-14,short_term_scanner,KR,0.920887,58.49,USD,079a15be,14,58.7400016784668,0.004274263608596174,0.01619822835461804,-0.011923964746021865
2026-09-14,short_term_scanner,SYY,0.887375,83.21,USD,079a15be,14,78.45999908447266,-0.05708449604046795,0.01619822835461804,-0.07328272439508599
2026-09-14,short_term_scanner,HPE,0.883251,62.09,USD,079a15be,14,62.939998626708984,0.013689783003848932,0.01619822835461804,-0.0025084453507691062
2026-09-14,short_term_scanner,ELV,0.879368,418.72,USD,079a15be,14,396.0899963378906,-0.05404567171883212,0.01619822835461804,-0.07024390007345016
2026-09-14,short_term_scanner,OXY,0.867579,61.46,USD,079a15be,14,56.86000061035156,-0.074845417989724,0.01619822835461804,-0.09104364634434203
2026-09-14,short_term_scanner,CDW,0.859627,153.79,USD,079a15be,14,135.42999267578125,-0.11938362262968172,0.01619822835461804,-0.13558185098429976
2026-09-14,short_term_scanner,SWKS,0.850993,88.35,USD,079a15be,14,89.33999633789062,0.011205391487160599,0.01619822835461804,-0.00499283686745744
2026-09-14,short_term_scanner,HPQ,0.849873,35.48,USD,079a15be,14,31.299999237060547,-0.11781287381452787,0.01619822835461804,-0.1340111021691459
2026-09-14,short_term_scanner,UCG.MI,0.845663,85.65,EUR,079a15be,14,83.94999694824219,-0.019848255128520953,0.006779131969733454,-0.026627387098254407
2026-09-14,short_term_scanner,NTRS,0.838793,189.19,USD,079a15be,14,175.72999572753906,-0.071145431959728,0.01619822835461804,-0.08734366031434604
2026-09-14,short_term_scanner,HCA,0.83388,426.94,USD,079a15be,14,435.6099853515625,0.02030726882363454,0.01619822835461804,0.0041090404690165006
2026-09-14,short_term_scanner,DVN,0.812806,50.23,USD,079a15be,14,47.04999923706055,-0.06330879480269658,0.01619822835461804,-0.07950702315731462
2026-09-14,short_term_scanner,BBY,0.809147,90.8,USD,079a15be,14,90.51000213623047,-0.003193809072351672,0.01619822835461804,-0.01939203742696971
2026-09-14,short_term_scanner,CVX,0.807728,214.06,USD,079a15be,14,204.4499969482422,-0.044893969222450814,0.01619822835461804,-0.06109219757706885
2026-09-14,short_term_scanner,TTE.PA,0.80728,79.53,EUR,079a15be,14,79.98999786376953,0.0057839540270279155,0.006779131969733454,-0.0009951779427055385
2026-09-14,reversal_scanner,FSLR,0.766109,209.03,USD,b3b30949,14,177.7100067138672,-0.1498349198016209,0.01619822835461804,-0.16603314815623893
2026-09-14,reversal_scanner,TXT,0.711109,81.0,USD,b3b30949,14,76.58999633789062,-0.05444448965567128,0.01619822835461804,-0.07064271801028932
2026-09-14,reversal_scanner,UHS,0.709146,174.83,USD,b3b30949,14,178.86000061035156,0.023050967284513835,0.01619822835461804,0.006852738929895796
2026-09-14,reversal_scanner,STZ,0.693469,122.45,USD,b3b30949,14,113.62999725341797,-0.07202942218523511,0.01619822835461804,-0.08822765053985315
2026-09-14,reversal_scanner,PHM,0.688183,118.26,USD,b3b30949,14,119.8499984741211,0.013444938898368841,0.01619822835461804,-0.002753289456249197
2026-09-14,reversal_scanner,DECK,0.685701,81.27,USD,b3b30949,14,78.66999816894531,-0.031992147545892524,0.01619822835461804,-0.04819037590051056
2026-09-14,reversal_scanner,NXPI,0.682949,236.62,USD,b3b30949,14,238.0800018310547,0.006170238488101942,0.01619822835461804,-0.010027989866516096
2026-09-14,reversal_scanner,UAL,0.681018,109.82,USD,b3b30949,14,113.98999786376953,0.037971206189851836,0.01619822835461804,0.021772977835233798
2026-09-14,reversal_scanner,VICI,0.677719,24.83,USD,b3b30949,14,23.510000228881836,-0.053161488969720616,0.01619822835461804,-0.06935971732433865
2026-09-14,reversal_scanner,GDDY,0.67763,98.07,USD,b3b30949,14,97.13999938964844,-0.009483028554619688,0.01619822835461804,-0.025681256909237726
2026-09-14,reversal_scanner,CTSH,0.672372,60.0,USD,b3b30949,14,57.33000183105469,-0.04449996948242185,0.01619822835461804,-0.06069819783703989
2026-09-14,reversal_scanner,HCA,0.671942,426.94,USD,b3b30949,14,435.6099853515625,0.02030726882363454,0.01619822835461804,0.0041090404690165006
2026-09-14,reversal_scanner,WKL.AS,0.670167,68.92,EUR,b3b30949,14,68.66000366210938,-0.003772436707641158,0.006779131969733454,-0.010551568677374612
2026-09-14,reversal_scanner,PNR,0.667396,56.58,USD,b3b30949,14,53.65999984741211,-0.051608344867230316,0.01619822835461804,-0.06780657322184835
2026-09-14,reversal_scanner,PPG,0.656583,105.5,USD,b3b30949,14,107.5199966430664,0.019146887612003782,0.01619822835461804,0.002948659257385744
2026-09-15,short_term_scanner,KHC,0.480833,24.6,USD,079a15be,13,23.6299991607666,-0.03943092842412199,0.020786420843773135,-0.060217349267895126
2026-09-17,short_term_scanner,HUBB,0.425833,439.07,USD,079a15be,11,466.6199951171875,0.06274624801782758,0.013832641228190612,0.048913606789636965
2026-09-17,reversal_scanner,HUBB,0.361,439.07,USD,b3b30949,11,466.6199951171875,0.06274624801782758,0.013832641228190612,0.048913606789636965
2026-09-18,short_term_scanner,HUBB,0.500833,443.23,USD,079a15be,10,466.6199951171875,0.052771687650176036,0.012144324717338728,0.04062736293283731
2026-09-18,reversal_scanner,HUBB,0.361,443.23,USD,b3b30949,10,466.6199951171875,0.052771687650176036,0.012144324717338728,0.04062736293283731
2026-09-19,short_term_scanner,HUBB,0.525833,446.92,USD,079a15be,9,466.6199951171875,0.04407946638590232,-0.002741900978398659,0.04682136736430098
2026-09-19,short_term_scanner,ITX.MC,0.438333,51.74,EUR,079a15be,9,53.2599983215332,0.029377625077951386,-0.002434296258159163,0.03181192133611055
2026-09-19,reversal_scanner,HUBB,0.387667,446.92,USD,b3b30949,9,466.6199951171875,0.04407946638590232,-0.002741900978398659,0.04682136736430098
2026-09-24,short_term_scanner,HUBB,0.630833,463.7,USD,079a15be,4,466.6199951171875,0.0062971643674520905,0.005098599586843999,0.0011985647806080912
2026-09-24,short_term_scanner,IBE.MC,0.599583,20.12,EUR,079a15be,4,20.329999923706055,0.010437371953581298,0.00483377030191301,0.0056036016516682885
2026-09-24,short_term_scanner,BBVA.MC,0.515833,24.88,EUR,079a15be,4,25.200000762939453,0.012861766999174185,0.00483377030191301,0.008027996697261175
2026-09-24,short_term_scanner,SAN.MC,0.484583,12.61,EUR,079a15be,4,12.571999549865723,-0.003013517060608817,0.00483377030191301,-0.007847287362521826
2026-09-24,reversal_scanner,HUBB,0.394333,463.7,USD,b3b30949,4,466.6199951171875,0.0062971643674520905,0.005098599586843999,0.0011985647806080912
2026-09-25,short_term_scanner,BBVA.MC,0.578333,24.88,EUR,079a15be,3,25.200000762939453,0.012861766999174185,0.0,0.012861766999174185
2026-09-25,short_term_scanner,SAN.MC,0.388333,12.528,EUR,079a15be,3,12.571999549865723,0.0035120968922190965,0.0,0.0035120968922190965
2026-09-26,short_term_scanner,BBVA.MC,0.653333,25.2,EUR,079a15be,2,25.200000762939453,3.0275375095811796e-08,0.0,3.0275375095811796e-08
2026-09-26,short_term_scanner,IBE.MC,0.589167,20.33,EUR,079a15be,2,20.329999923706055,-3.7527764229494665e-09,0.0,-3.7527764229494665e-09
2026-09-26,short_term_scanner,SAN.MC,0.495,12.572,EUR,079a15be,2,12.571999549865723,-3.580450813611691e-08,0.0,-3.580450813611691e-08
